location,ding,yao,ke,effetive,dilivered,elector,voting_rate
1,338,196,316,862,871,"1,288",67.62
2,326,243,412,988,999,"1,362",73.35
3,247,144,306,702,711,"1,039",68.43
4,282,177,307,775,779,"1,175",66.3
5,315,183,378,886,890,"1,289",68.97
6,306,194,340,847,849,"1,220",69.59
7,348,214,478,"1,045","1,047","1,538",68.08
8,367,215,428,"1,019","1,030","1,540",66.88
9,337,199,427,972,981,"1,444",67.94
10,347,174,396,923,928,"1,423",65.21
11,358,175,411,951,959,"1,410",68.01
12,420,197,467,"1,087","1,100","1,567",70.2
13,370,172,418,965,972,"1,479",65.65
14,326,184,396,913,917,"1,470",62.38
15,386,158,422,971,978,"1,495",65.42
16,421,180,437,"1,050","1,059","1,597",66.31
17,432,132,406,979,"1,007","1,484",67.86
18,479,189,417,"1,091","1,100","1,649",66.71
19,440,171,446,"1,063","1,077","1,683",63.99
20,410,174,444,"1,035","1,042","1,534",67.93
21,413,145,403,970,974,"1,482",65.65
22,468,175,410,"1,060","1,065","1,675",63.58
23,421,202,408,"1,033","1,042","1,644",63.38
24,392,190,441,"1,029","1,039","1,656",62.74
25,439,193,467,"1,104","1,113","1,640",67.8
26,468,175,450,"1,100","1,107","1,667",66.41
27,416,183,405,"1,015","1,018","1,555",65.47
28,445,207,413,"1,067","1,074","1,673",64.2
29,426,196,408,"1,040","1,044","1,554",67.18
30,451,202,418,"1,082","1,088","1,648",66.02
31,350,194,407,957,967,"1,497",64.6
32,387,289,398,"1,084","1,092","1,585",68.9
33,413,172,365,959,963,"1,459",66
34,417,200,421,"1,043","1,050","1,562",67.22
35,468,121,405,999,"1,007","1,621",62.12
36,456,171,355,993,"1,002","1,631",61.43
37,499,170,429,"1,101","1,114","1,795",62.06
38,409,174,468,"1,054","1,061","1,626",65.25
39,439,127,419,996,"1,005","1,469",68.41
40,341,160,406,915,921,"1,352",68.12
41,352,156,335,847,856,"1,231",69.54
42,337,124,297,764,769,"1,094",70.29
43,428,133,345,914,920,"1,196",76.92
44,387,153,411,965,979,"1,435",68.22
45,422,140,379,950,957,"1,447",66.14
46,399,145,423,977,987,"1,423",69.36
47,421,140,402,970,981,"1,427",68.75
48,413,93,397,907,916,"1,389",65.95
49,320,210,419,953,963,"1,428",67.44
50,299,173,442,922,937,"1,417",66.13
51,343,181,390,924,929,"1,408",65.98
52,310,176,347,839,847,"1,280",66.02
53,306,173,389,872,879,"1,321",66.54
54,286,206,351,846,856,"1,304",65.57
55,372,173,433,991,998,"1,480",67.43
56,355,170,472,"1,001","1,008","1,571",64.16
57,303,181,419,906,909,"1,461",62.22
58,437,143,409,997,"1,000","1,451",68.92
59,351,195,462,"1,017","1,022","1,583",64.56
60,287,179,429,897,900,"1,489",60.44
61,338,182,386,915,928,"1,418",65.44
62,349,170,423,950,955,"1,542",61.93
63,408,213,468,"1,096","1,100","1,640",67.07
64,322,238,428,992,"1,000","1,554",64.35
65,395,164,409,978,987,"1,579",62.51
66,345,359,507,"1,226","1,232","1,613",76.38
67,438,199,453,"1,100","1,116","1,838",60.72
68,454,210,427,"1,100","1,109","1,750",63.37
69,445,197,508,"1,162","1,173","1,769",66.31
70,433,223,459,"1,126","1,137","1,735",65.53
71,438,220,423,"1,092","1,096","1,687",64.97
72,222,133,293,656,658,"2,015",32.66
73,326,225,420,985,992,"1,454",68.23
74,506,177,445,"1,140","1,155","1,625",71.08
75,367,225,419,"1,018","1,033","1,582",65.3
76,388,189,402,985,991,"1,574",62.96
77,371,181,397,954,964,"1,439",66.99
78,325,195,396,928,935,"1,458",64.13
79,343,179,410,938,946,"1,439",65.74
80,304,218,410,934,946,"1,500",63.07
81,292,184,373,852,860,"1,497",57.45
82,431,200,458,"1,097","1,103","1,763",62.56
83,371,205,486,"1,069","1,074","1,787",60.1
84,382,191,464,"1,046","1,051","1,821",57.72
85,310,221,484,"1,024","1,035","1,576",65.61
86,339,219,460,"1,024","1,032","1,636",63.08
87,401,205,477,"1,090","1,095","1,779",61.55
88,322,184,347,858,865,"1,292",66.95
89,325,205,412,954,960,"1,474",65.13
90,373,166,396,948,955,"1,469",65.01
91,411,158,446,"1,019","1,024","1,558",65.73
92,356,91,307,760,766,"1,237",61.92
93,326,169,378,884,891,"1,453",61.32
94,315,152,367,837,841,"1,378",61.03
95,378,166,402,952,960,"1,526",62.91
96,340,143,372,863,875,"1,344",65.1
97,338,150,370,867,874,"1,405",62.21
98,326,176,350,857,866,"1,318",65.63
99,303,167,375,850,856,"1,276",67.08
100,261,158,351,776,785,"1,133",69.29
101,388,174,384,952,965,"1,386",69.62
102,468,128,315,921,924,"1,426",64.8
103,404,183,386,979,986,"1,470",67.07
104,372,159,402,940,953,"1,444",66
105,345,121,270,743,751,"1,109",67.72
106,378,162,389,935,938,"1,518",61.79
107,450,178,442,"1,079","1,094","1,631",67.01
108,447,178,446,"1,083","1,090","1,764",61.79
109,452,145,459,"1,067","1,073","1,681",63.83
110,421,163,447,"1,043","1,048","1,717",61.04
111,428,141,340,919,924,"1,433",64.48
112,428,196,337,967,975,"1,434",67.99
113,392,70,290,756,763,"1,070",71.31
114,486,70,212,773,780,"1,067",73.1
115,423,88,399,922,929,"1,379",67.37
116,364,114,391,878,889,"1,352",65.75
117,334,161,395,898,907,"1,269",71.39
118,322,137,382,849,855,"1,191",71.79
119,530,115,387,"1,036","1,043","1,604",65.02
120,442,179,382,"1,010","1,020","1,572",64.89
121,395,171,376,955,961,"1,570",61.21
122,309,202,369,889,897,"1,321",67.9
123,265,180,373,823,834,"1,274",65.46
124,363,130,408,914,919,"1,325",69.36
125,308,179,379,874,887,"1,318",67.3
126,307,244,458,"1,019","1,029","1,559",66
127,325,188,417,941,948,"1,527",62.08
128,395,180,449,"1,034","1,041","1,605",64.86
129,376,173,443,"1,003","1,010","1,562",64.66
130,468,175,554,"1,207","1,213","1,771",68.49
131,425,175,447,"1,050","1,057","1,577",66.96
132,396,213,342,961,972,"1,567",62.03
133,360,192,452,"1,012","1,022","1,598",63.95
134,413,172,465,"1,060","1,070","1,614",66.29
135,383,187,436,"1,014","1,022","1,592",64.2
136,112,81,152,346,348,512,67.97
137,392,215,382,"1,003","1,016","1,594",63.74
138,214,121,188,526,530,816,64.95
139,174,89,161,428,432,676,63.91
140,250,183,305,743,757,"1,036",73.07
141,223,106,228,566,572,867,65.97
142,302,265,494,"1,073","1,083","1,648",65.72
143,377,240,478,"1,101","1,116","1,669",66.87
144,330,177,303,815,825,"1,247",66.16
145,373,188,393,963,971,"1,499",64.78
146,218,52,151,427,435,632,68.83
147,207,128,223,565,567,850,66.71
148,269,166,309,755,772,"1,115",69.24
149,233,140,309,688,692,"1,028",67.32
150,272,130,254,664,670,992,67.54
151,305,102,281,695,700,"1,036",67.57
152,212,130,212,561,569,"2,143",26.55
153,495,192,349,"1,044","1,053","1,727",60.97
154,573,132,353,"1,061","1,069","1,637",65.3
155,377,236,452,"1,069","1,078","1,633",66.01
156,440,240,416,"1,104","1,112","1,601",69.46
157,360,154,289,809,818,"1,215",67.33
158,297,219,392,921,930,"1,387",67.05
159,291,188,338,824,832,"1,299",64.05
160,351,240,436,"1,037","1,043","1,519",68.66
161,364,173,384,929,936,"1,439",65.05
162,396,279,470,"1,162","1,169","1,720",67.97
163,401,176,444,"1,030","1,034","1,627",63.55
164,484,265,470,"1,225","1,238","1,795",68.97
165,254,173,358,790,794,"1,124",70.64
166,318,252,428,"1,008","1,026","1,646",62.15
167,337,209,470,"1,029","1,038","1,581",65.65
168,304,235,446,993,"1,002","1,441",69.54
169,280,198,358,841,846,"1,217",69.52
170,284,211,401,907,923,"1,382",66.79
171,285,229,413,938,949,"1,404",67.59
172,342,191,460,"1,003","1,008","1,490",67.65
173,286,232,480,"1,004","1,014","1,481",68.47
174,233,174,355,767,770,"1,162",66.27
175,321,214,446,985,998,"1,446",68.95
176,245,185,374,810,819,"1,208",67.8
177,334,227,422,989,997,"1,498",66.56
178,310,214,485,"1,017","1,028","1,502",68.44
179,291,235,454,984,989,"1,470",67.28
180,347,231,441,"1,031","1,040","1,531",67.93
181,428,174,411,"1,020","1,028","1,613",63.73
182,403,240,377,"1,027","1,033","1,642",62.91
183,379,134,475,994,"1,000","1,529",65.4
184,314,171,324,816,826,"1,298",63.64
185,266,195,352,819,833,"1,296",64.27
186,333,188,356,883,890,"1,480",60
187,303,231,400,940,950,"1,410",67.38
188,344,164,396,911,916,"1,405",65.2
189,334,221,448,"1,007","1,018","1,486",68.51
190,323,230,416,973,977,"1,435",68.08
191,251,262,428,945,957,"1,492",64.14
192,293,294,471,"1,064","1,080","1,556",69.41
193,355,273,445,"1,083","1,098","1,556",70.57
194,288,278,489,"1,063","1,083","1,628",66.52
195,330,271,512,"1,124","1,134","1,766",64.21
196,340,299,431,"1,079","1,085","1,641",66.12
197,301,277,473,"1,057","1,074","1,594",67.38
198,373,186,454,"1,023","1,031","1,596",64.6
199,447,161,449,"1,062","1,075","1,633",65.83
200,330,259,510,"1,105","1,111","1,602",69.35
201,305,295,543,"1,152","1,166","1,731",67.36
202,353,285,565,"1,212","1,224","1,799",68.04
203,273,227,357,859,869,"1,303",66.62
204,290,191,405,894,901,"1,417",63.59
205,259,279,427,972,980,"1,453",67.45
206,260,265,435,963,977,"1,370",71.31
207,333,292,500,"1,141","1,148","1,703",67.41
208,267,244,393,913,924,"1,426",64.8
209,283,248,431,970,977,"1,484",65.84
210,291,240,535,"1,073","1,081","1,806",59.86
211,270,245,402,921,930,"1,398",66.52
212,259,252,425,944,951,"1,524",62.4
213,245,248,460,959,966,"1,440",67.08
214,265,269,446,983,995,"1,514",65.72
215,306,325,511,"1,156","1,163","1,737",66.9
216,266,238,446,954,963,"1,592",60.49
217,234,238,342,820,824,"1,290",63.88
218,327,266,481,"1,084","1,093","1,719",63.58
219,289,270,452,"1,018","1,026","1,628",63.02
220,171,384,357,918,932,"1,359",68.58
221,176,372,386,942,951,"1,418",67
222,180,394,402,989,"1,001","1,422",70.32
223,227,390,499,"1,127","1,143","1,615",70.77
224,209,413,513,"1,146","1,161","1,549",74.89
225,335,443,624,"1,419","1,432","1,928",74.27
226,331,132,278,747,758,"1,232",61.53
227,491,158,439,"1,097","1,106","1,691",65.41
228,419,198,416,"1,036","1,044","1,578",66.16
229,429,178,400,"1,015","1,028","1,566",65.64
230,402,138,344,898,903,"1,388",65.06
231,415,196,428,"1,044","1,050","1,583",66.33
232,375,204,422,"1,005","1,015","1,530",66.34
233,352,188,405,952,964,"1,343",71.78
234,597,101,288,996,"1,006","1,470",68.44
235,381,205,391,989,996,"1,674",59.5
236,418,162,417,"1,004","1,014","1,453",69.79
237,493,190,501,"1,196","1,206","1,762",68.44
238,408,212,357,983,987,"1,493",66.11
239,472,181,451,"1,112","1,123","1,597",70.32
240,405,145,372,933,936,"1,458",64.2
241,529,137,231,905,920,"1,341",68.61
242,347,182,361,897,908,"1,248",72.6
243,297,166,351,818,826,"1,245",66.35
244,313,166,349,838,846,"1,281",66.04
245,389,247,399,"1,039","1,049","1,628",64.43
246,402,226,482,"1,115","1,127","1,703",66.18
247,357,211,384,963,975,"1,523",64.02
248,521,126,319,971,977,"1,493",65.44
249,620,80,284,992,"1,005","1,600",62.81
250,509,169,388,"1,077","1,085","1,736",62.5
251,374,175,404,961,970,"1,563",62.06
252,362,159,363,892,904,"1,419",63.71
253,389,201,422,"1,021","1,024","1,547",66.19
254,398,164,398,965,969,"1,469",65.96
255,356,173,373,911,917,"1,463",62.68
256,358,180,366,910,917,"1,387",66.11
257,340,207,385,939,945,"1,462",64.64
258,423,204,408,"1,042","1,047","1,519",68.93
259,295,157,361,821,826,"1,179",70.06
260,481,204,442,"1,134","1,138","1,775",64.11
261,361,188,421,977,987,"1,616",61.08
262,394,203,414,"1,014","1,021","1,616",63.18
263,389,216,427,"1,038","1,045","1,506",69.39
264,335,143,371,857,873,"1,254",69.62
265,387,130,371,895,897,"1,269",70.69
266,334,130,349,817,832,"1,306",63.71
267,354,213,369,942,951,"1,482",64.17
268,341,207,439,993,"1,001","1,562",64.08
269,296,188,391,880,885,"1,417",62.46
270,319,157,303,784,790,"1,285",61.48
271,399,153,372,931,941,"1,521",61.87
272,392,172,352,920,927,"1,481",62.59
273,400,167,415,988,"1,002","1,506",66.53
274,423,191,424,"1,046","1,058","1,604",65.96
275,458,206,416,"1,092","1,104","1,697",65.06
276,418,190,374,985,994,"1,577",63.03
277,400,158,367,935,939,"1,446",64.94
278,387,184,391,968,977,"1,483",65.88
279,386,134,315,840,851,"1,308",65.06
280,447,177,378,"1,007","1,014","1,693",59.89
281,390,180,418,991,997,"1,537",64.87
282,416,168,351,941,950,"1,473",64.49
283,380,159,376,924,928,"1,500",61.87
284,390,149,348,893,900,"1,359",66.23
285,403,164,387,960,970,"1,503",64.54
286,456,155,351,969,977,"1,550",63.03
287,393,165,402,968,981,"1,480",66.28
288,393,165,354,920,926,"1,435",64.46
289,293,171,323,791,796,"1,208",65.89
290,250,211,297,763,771,"1,125",68.53
291,245,252,349,853,862,"1,231",70.02
292,197,157,248,606,609,872,69.84
293,205,165,214,589,598,831,71.96
294,164,202,210,581,591,902,65.52
295,256,136,207,602,611,943,64.79
296,277,62,174,518,526,862,61.02
297,166,85,155,411,415,542,76.57
298,247,152,273,674,681,893,76.26
299,272,356,390,"1,024","1,033","1,321",78.2
300,309,286,380,985,"1,002","1,316",76.14
301,485,95,233,818,819,"1,230",66.59
302,466,74,231,776,784,"1,153",68
303,418,175,309,908,916,"1,403",65.29
304,309,154,284,750,755,"1,205",62.66
305,371,187,440,"1,009","1,015","1,617",62.77
306,358,174,407,952,964,"1,561",61.76
307,434,200,449,"1,091","1,100","1,617",68.03
308,399,149,460,"1,015","1,026","1,535",66.84
309,403,171,416,998,"1,013","1,647",61.51
310,436,136,486,"1,066","1,073","1,685",63.68
311,473,131,489,"1,103","1,116","1,755",63.59
312,356,139,334,836,845,"1,331",63.49
313,614,95,417,"1,134","1,141","1,698",67.2
314,399,174,376,957,963,"1,349",71.39
315,431,154,423,"1,012","1,017","1,407",72.28
316,361,165,451,988,998,"1,425",70.04
317,463,148,459,"1,081","1,090","1,575",69.21
318,482,179,453,"1,123","1,129","1,738",64.96
319,501,192,502,"1,208","1,216","1,690",71.95
320,430,166,500,"1,105","1,120","1,693",66.15
321,412,177,470,"1,067","1,073","1,612",66.56
322,376,157,469,"1,007","1,014","1,526",66.45
323,375,145,469,"1,001","1,004","1,452",69.15
324,377,187,480,"1,052","1,065","1,583",67.28
325,383,174,456,"1,019","1,027","1,585",64.79
326,397,153,438,996,997,"1,518",65.68
327,413,217,480,"1,119","1,124","1,678",66.98
328,434,156,425,"1,023","1,039","1,676",61.99
329,424,129,423,982,986,"1,413",69.78
330,372,155,451,984,990,"1,465",67.58
331,337,131,401,873,882,"1,321",66.77
332,414,172,494,"1,083","1,091","1,704",64.03
333,418,137,504,"1,070","1,075","1,608",66.79
334,490,190,503,"1,188","1,200","1,775",67.61
335,464,172,519,"1,167","1,172","1,717",68.26
336,536,144,482,"1,171","1,174","1,830",64.15
337,537,151,510,"1,208","1,212","1,691",71.67
338,494,121,417,"1,038","1,043","1,599",65.23
339,386,129,394,919,926,"1,284",72.12
340,381,72,312,770,779,"1,043",74.69
341,443,130,372,952,961,"1,468",65.46
342,426,195,466,"1,095","1,105","1,667",66.29
343,461,212,486,"1,170","1,176","1,730",67.98
344,489,170,522,"1,190","1,201","1,747",68.75
345,485,199,449,"1,143","1,150","1,735",66.22
346,408,158,357,931,940,"1,387",67.77
347,425,128,488,"1,047","1,057","1,641",64.41
348,482,141,556,"1,189","1,197","1,661",72.07
349,452,173,489,"1,119","1,121","1,666",67.29
350,388,168,410,972,983,"1,590",61.82
351,357,174,378,921,927,"1,395",66.45
352,350,165,439,957,966,"1,401",68.95
353,437,128,402,973,976,"1,392",70.11
354,399,167,466,"1,042","1,050","1,611",65.18
355,335,149,338,828,835,"1,221",68.39
356,68,92,141,301,303,445,68.09
357,420,108,444,983,988,"1,385",71.34
358,372,142,444,963,968,"1,448",66.85
359,391,146,446,992,993,"1,528",64.99
360,395,120,328,847,853,"1,184",72.04
361,449,161,425,"1,052","1,062","1,669",63.57
362,622,86,413,"1,131","1,144","1,650",69.33
363,492,150,409,"1,060","1,067","1,597",66.81
364,413,89,396,904,907,"1,405",64.56
365,447,110,408,977,983,"1,548",63.5
366,480,101,392,978,981,"1,550",63.23
367,415,137,424,981,987,"1,365",72.31
368,328,163,403,903,914,"1,314",69.56
369,487,101,519,"1,116","1,129","1,654",68.2
370,357,99,405,865,869,"1,314",66.13
371,377,82,425,888,903,"1,339",67.44
372,428,97,401,928,934,"1,484",62.94
373,455,178,510,"1,156","1,163","1,661",70.02
374,429,157,542,"1,135","1,138","1,764",64.51
375,498,171,508,"1,186","1,197","1,740",68.79
376,519,175,497,"1,207","1,224","1,801",67.96
377,689,89,417,"1,201","1,207","1,667",72.41
378,436,167,485,"1,093","1,097","1,548",70.74
379,642,105,429,"1,188","1,197","1,797",66.61
380,536,122,433,"1,099","1,105","1,623",68.08
381,435,146,451,"1,032","1,039","1,481",70.16
382,406,93,380,890,893,"1,269",70.37
383,506,100,304,915,919,"1,281",71.74
384,284,181,399,871,876,"1,390",63.02
385,363,82,387,839,851,"1,393",61.09
386,335,117,514,970,980,"1,539",63.68
387,301,154,462,925,933,"1,364",68.4
388,394,124,438,964,967,"1,440",67.15
389,302,160,444,914,925,"1,477",62.63
390,358,147,517,"1,029","1,035","1,621",63.79
391,340,178,453,978,980,"1,512",64.81
392,359,138,450,957,963,"1,572",61.26
393,388,150,493,"1,045","1,056","1,684",62.71
394,297,94,343,739,744,"1,170",63.59
395,351,166,463,987,996,"1,562",63.76
396,338,145,460,955,960,"1,427",67.27
397,319,130,468,923,934,"1,450",64.41
398,341,139,473,961,972,"1,510",64.37
399,444,120,409,982,995,"1,632",60.97
400,414,145,512,"1,079","1,086","1,679",64.68
401,136,136,224,499,505,757,66.71
402,301,236,425,969,981,"1,491",65.79
403,367,226,478,"1,078","1,091","1,622",67.26
404,273,240,364,886,897,"1,328",67.55
405,371,95,367,844,853,"1,233",69.18
406,377,78,316,778,783,"1,270",61.65
407,245,183,376,816,827,"1,218",67.9
408,373,211,384,979,989,"1,442",68.59
409,442,145,406,"1,006","1,013","1,544",65.61
410,421,174,450,"1,050","1,057","1,588",66.56
411,503,113,438,"1,056","1,078","1,729",62.35
412,398,174,474,"1,061","1,075","1,691",63.57
413,395,152,371,928,943,"1,441",65.37
414,436,154,448,"1,050","1,064","2,775",38.34
415,422,149,507,"1,094","1,096","1,795",61.06
416,338,194,407,944,958,"1,493",64.17
417,403,170,483,"1,065","1,077","1,600",67.31
418,330,170,450,954,965,"1,418",68.05
419,463,179,420,"1,068","1,079","1,638",65.81
420,392,148,480,"1,024","1,032","1,606",64.26
421,389,128,487,"1,011","1,022","1,595",64.01
422,390,139,479,"1,013","1,019","1,567",65.03
423,408,117,508,"1,037","1,052","1,624",64.35
424,481,184,443,"1,109","1,116","1,801",61.97
425,526,149,498,"1,184","1,192","1,851",64.4
426,570,153,426,"1,160","1,171","1,728",67.71
427,333,140,420,897,904,"1,384",65.25
428,474,149,450,"1,086","1,092","1,634",66.83
429,403,148,498,"1,065","1,080","1,625",66.46
430,399,145,432,981,989,"1,565",63.19
431,463,96,415,988,998,"1,528",65.31
432,444,141,397,992,"1,007","1,524",66.08
433,471,101,429,"1,006","1,016","1,564",64.96
434,470,111,455,"1,043","1,051","1,566",67.11
435,542,152,446,"1,149","1,158","1,812",63.91
436,371,106,409,893,900,"1,384",65.03
437,330,116,412,863,872,"1,361",64.07
438,373,117,372,870,878,"1,324",66.31
439,346,97,392,840,848,"1,295",65.48
440,349,154,461,966,974,"1,458",66.8
441,394,141,478,"1,020","1,026","1,507",68.08
442,375,101,471,953,963,"1,497",64.33
443,242,150,328,724,735,"1,111",66.16
444,370,200,554,"1,131","1,140","1,714",66.51
445,366,195,445,"1,015","1,024","1,607",63.66
446,404,162,491,"1,067","1,080","1,701",63.49
447,471,96,370,947,954,"1,430",66.71
448,456,153,443,"1,062","1,070","1,536",69.66
449,385,104,399,894,903,"1,325",68
450,483,131,438,"1,059","1,065","1,514",70.34
451,321,82,449,861,871,"1,311",66.44
452,435,98,457,997,"1,005","1,407",71.43
453,441,103,448,"1,000","1,006","1,450",69.38
454,417,117,490,"1,033","1,041","1,570",66.31
455,270,173,406,858,863,"1,249",69.1
456,356,136,435,938,945,"1,313",71.97
457,340,148,406,901,910,"1,306",69.68
458,349,126,336,817,821,"1,605",51.15
459,347,207,477,"1,036","1,049","1,624",64.59
460,360,173,489,"1,034","1,051","1,593",65.98
461,332,188,392,920,930,"1,422",65.4
462,412,111,544,"1,072","1,080","1,650",65.45
463,398,166,422,991,"1,005","1,614",62.27
464,400,74,392,870,878,"1,450",60.55
465,245,132,392,774,778,"1,066",72.98
466,261,174,381,819,826,"1,166",70.84
467,274,139,369,792,796,"1,147",69.4
468,341,185,415,952,963,"1,389",69.33
469,327,128,350,810,817,"1,237",66.05
470,288,137,461,896,912,"1,311",69.57
471,363,172,373,923,931,"1,352",68.86
472,369,95,439,910,915,"1,298",70.49
473,336,132,423,898,909,"1,350",67.33
474,379,141,437,971,981,"1,386",70.78
475,587,58,295,946,950,"1,327",71.59
476,333,183,377,902,922,"1,322",69.74
477,462,130,401,"1,004","1,017","1,398",72.75
478,348,176,427,960,973,"1,467",66.33
479,346,156,458,974,985,"1,567",62.86
480,268,196,402,875,884,"1,485",59.53
481,392,123,458,986,994,"1,521",65.35
482,405,168,401,986,"1,001","1,608",62.25
483,319,175,425,927,932,"1,474",63.23
484,383,182,458,"1,034","1,043","1,507",69.21
485,415,163,470,"1,056","1,062","1,603",66.25
486,394,172,498,"1,073","1,083","1,555",69.45
487,337,151,436,938,953,"1,420",67.04
488,477,137,490,"1,110","1,118","1,666",67.11
489,392,111,428,937,946,"1,334",70.91
490,348,125,410,888,896,"1,350",66.37
491,431,132,339,908,918,"1,313",69.92
492,377,109,382,874,880,"1,298",67.8
493,257,184,459,913,924,"1,341",68.9
494,292,193,431,918,928,"1,365",67.99
495,267,195,441,911,921,"1,348",68.32
496,329,227,432,999,"1,004","1,509",66.53
497,322,160,327,818,827,"1,164",71.05
498,346,196,452,"1,004","1,010","1,439",70.19
499,292,155,305,759,765,"1,071",71.43
500,330,122,383,845,851,"1,195",71.21
501,340,136,421,907,927,"1,241",74.7
502,285,169,305,771,781,"1,107",70.46
503,320,165,347,844,850,"1,190",71.43
504,494,175,472,"1,150","1,161","1,613",71.98
505,489,169,433,"1,104","1,114","1,640",67.93
506,455,142,405,"1,006","1,015","1,459",69.57
507,400,180,446,"1,030","1,041","1,481",70.29
508,425,181,395,"1,012","1,017","1,418",71.72
509,356,135,132,633,643,"1,177",54.63
510,321,166,367,856,860,"1,226",70.15
511,450,99,348,900,912,"1,317",69.25
512,383,155,385,932,941,"1,325",71.02
513,370,113,389,884,887,"1,282",69.19
514,327,174,413,923,929,"1,305",71.19
515,365,176,450,999,"1,014","1,563",64.88
516,383,192,422,"1,011","1,016","1,499",67.78
517,431,166,429,"1,033","1,043","1,537",67.86
518,336,146,366,855,862,"1,192",72.32
519,318,137,377,841,851,"1,220",69.75
520,507,168,428,"1,116","1,132","1,601",70.71
521,413,102,347,873,880,"1,242",70.85
522,389,130,365,886,897,"1,287",69.7
523,355,106,317,784,796,"1,133",70.26
524,305,82,293,687,689,"1,010",68.22
525,444,120,371,941,945,"1,299",72.75
526,425,130,349,915,922,"1,298",71.03
527,466,176,428,"1,082","1,090","1,545",70.55
528,449,192,388,"1,034","1,043","1,635",63.79
529,399,126,351,887,894,"1,346",66.34
530,359,142,341,846,851,"1,320",64.47
531,390,133,352,878,886,"1,372",64.58
532,346,167,303,823,825,"1,280",64.45
533,330,150,345,832,844,"1,251",67.39
534,363,171,332,869,875,"1,336",65.49
535,425,179,431,"1,045","1,051","1,483",70.87
536,461,110,314,892,899,"1,397",64.35
537,465,124,345,939,946,"1,574",60.04
538,359,253,355,974,985,"1,338",73.62
539,418,152,402,979,985,"1,344",73.29
540,372,192,350,924,930,"1,327",70.08
541,348,165,359,883,891,"1,257",70.88
542,515,124,377,"1,028","1,037","1,587",65.34
543,382,143,375,904,912,"1,380",66.09
544,370,164,376,919,927,"1,361",67.96
545,395,166,357,923,934,"1,336",69.91
546,378,149,403,934,949,"1,385",68.52
547,404,164,405,977,986,"1,441",68.42
548,373,128,369,881,888,"1,260",70.48
549,454,101,332,893,896,"1,380",64.93
550,441,96,281,824,825,"1,267",65.11
551,290,158,354,809,816,"1,215",67.16
552,315,139,331,798,804,"1,157",69.49
553,340,137,364,850,858,"1,233",69.59
554,330,128,302,760,769,"1,168",65.84
555,383,156,315,861,864,"1,276",67.71
556,301,127,306,740,744,"1,113",66.85
557,344,108,284,742,746,"1,129",66.08
558,394,165,320,885,892,"1,326",67.27
559,333,153,280,770,779,"1,180",66.02
560,426,101,311,839,846,"1,310",64.58
561,339,127,300,773,782,"1,207",64.79
562,589,45,268,906,915,"1,355",67.53
563,347,150,376,887,893,"1,291",69.17
564,428,99,467,"1,001","1,007","1,500",67.13
565,543,38,191,774,784,"1,268",61.83
566,576,56,286,925,935,"1,444",64.75
567,444,90,369,910,917,"1,342",68.33
568,326,143,332,805,817,"1,159",70.49
569,248,146,365,773,779,"1,057",73.7
570,303,148,291,748,754,"1,159",65.06
571,330,166,310,809,815,"1,225",66.53
572,312,134,305,755,762,"1,188",64.14
573,551,154,383,"1,099","1,109","1,643",67.5
574,525,136,409,"1,080","1,090","1,748",62.36
575,397,200,502,"1,104","1,110","1,707",65.03
576,336,206,349,900,908,"1,317",68.94
577,348,138,303,797,803,"1,168",68.75
578,318,136,341,802,806,"1,191",67.67
579,319,153,323,800,812,"1,249",65.01
580,320,172,341,838,845,"1,262",66.96
581,319,179,347,852,869,"1,303",66.69
582,453,134,334,924,930,"1,359",68.43
583,493,110,312,924,933,"1,447",64.27
584,443,149,346,948,959,"1,397",68.65
585,369,180,335,891,895,"1,360",65.81
586,366,182,413,972,983,"1,489",66.02
587,423,187,387,"1,008","1,020","1,589",64.19
588,342,175,450,978,987,"2,631",37.51
589,279,193,349,827,837,"1,242",67.31
590,254,195,330,789,798,"1,424",56.04
591,373,211,469,"1,063","1,070","1,655",64.65
592,356,167,358,890,898,"1,458",61.59
593,339,142,343,832,837,"1,273",65.75
594,304,196,397,902,916,"1,343",68.21
595,423,218,442,"1,090","1,103","1,588",69.46
596,336,198,443,986,995,"1,561",63.74
597,562,71,327,970,981,"1,451",67.61
598,452,171,427,"1,057","1,070","1,544",69.3
599,523,138,414,"1,082","1,104","1,692",64.6
600,618,58,336,"1,022","1,036","1,493",69.32
601,681,86,370,"1,147","1,154","1,634",70.62
602,777,28,294,"1,105","1,114","1,674",66.55
603,748,80,413,"1,252","1,256","1,796",69.93
604,524,112,435,"1,081","1,092","1,690",64.62
605,367,183,377,930,937,"1,457",64.31
606,429,143,334,914,918,"1,409",65.15
607,407,169,370,952,956,"1,422",67.23
608,409,143,376,930,938,"1,496",62.7
609,433,155,342,937,948,"1,438",65.92
610,426,156,486,"1,073","1,078","1,739",61.99
611,395,207,481,"1,093","1,099","1,629",67.46
612,428,175,396,"1,002","1,007","1,735",58.04
613,409,205,460,"1,080","1,086","1,753",61.95
614,421,153,325,905,916,"1,346",67.98
615,370,113,318,812,824,"1,245",66.18
616,498,163,392,"1,057","1,065","1,630",65.34
617,319,149,332,813,823,"1,192",69.04
618,357,153,433,952,957,"1,473",64.97
619,337,186,470,999,"1,007","1,483",67.9
620,418,172,453,"1,056","1,066","1,652",64.53
621,358,186,430,982,994,"1,612",61.66
622,325,129,354,819,826,"1,304",63.34
623,475,160,451,"1,092","1,100","1,786",61.59
624,368,156,377,911,920,"1,502",61.25
625,323,223,378,929,936,"1,389",67.39
626,387,153,357,902,907,"1,428",63.52
627,382,179,400,970,979,"1,553",62.91
628,448,169,430,"1,056","1,066","1,662",64.14
629,379,154,359,901,906,"1,407",64.32
630,371,158,373,913,919,"1,445",63.6
631,376,157,386,934,940,"1,411",66.62
632,326,184,332,847,855,"1,353",63.19
633,374,149,380,910,913,"1,387",65.83
634,367,139,310,821,829,"1,183",70.08
635,367,104,269,745,758,"1,122",67.56
636,328,147,385,867,872,"1,377",63.33
637,348,104,274,731,734,"1,145",64.02
638,288,171,386,850,852,"1,327",64.2
639,323,150,333,811,814,"1,201",67.78
640,358,145,388,900,907,"1,334",67.99
641,348,149,355,854,862,"1,337",64.47
642,300,125,300,727,736,"1,177",62.45
643,265,135,284,693,703,990,71.01
644,493,90,323,913,919,"2,453",37.46
645,574,71,290,947,948,"1,343",70.59
646,461,80,307,852,858,"1,277",67.19
647,455,134,286,884,894,"1,319",67.78
648,426,132,320,887,894,"1,256",71.18
649,409,142,314,876,885,"1,277",69.3
650,304,84,212,608,617,990,62.32
651,432,126,286,850,859,"1,394",61.62
652,419,133,321,886,899,"1,458",61.66
653,488,245,453,"1,190","1,195","1,532",78
654,547,117,316,991,"1,003","1,472",68.14
655,396,134,355,897,910,"1,332",68.32
656,377,79,253,713,721,"1,098",65.66
657,378,145,329,859,869,"1,368",63.45
658,321,159,304,793,798,"1,138",70.12
659,374,162,348,889,894,"1,325",67.47
660,300,98,267,672,684,"1,024",66.8
661,372,145,306,832,838,"1,268",66.09
662,313,113,330,761,773,"1,128",68.17
663,263,95,348,714,715,"1,047",68.29
664,407,131,334,880,887,"1,342",66.1
665,439,144,339,935,938,"1,413",66.38
666,359,115,337,818,823,"1,205",68.3
667,369,133,385,891,898,"1,344",66.82
668,352,113,317,787,800,"1,176",67.52
669,380,202,343,931,936,"1,333",70.22
670,365,125,307,801,808,"1,193",67.73
671,321,120,309,756,765,"1,083",70.64
672,339,114,274,734,743,"1,089",68.23
673,351,110,317,785,791,"1,159",68.25
674,327,94,310,733,742,"1,305",56.86
675,361,117,287,771,779,"1,293",60.25
676,405,198,448,"1,059","1,067","1,584",67.36
677,373,202,370,951,963,"1,493",64.5
678,303,163,328,801,810,"1,195",67.78
679,464,206,416,"1,101","1,112","1,679",66.23
680,371,160,396,944,948,"1,369",69.25
681,492,236,472,"1,210","1,217","1,875",64.85
682,365,160,314,844,851,"1,275",66.75
683,360,196,413,973,981,"1,446",67.84
684,350,210,383,956,963,"1,498",64.29
685,333,196,410,945,952,"1,356",70.21
686,250,160,323,736,742,"1,173",63.26
687,209,155,330,696,717,"1,033",69.31
688,241,190,398,835,845,"1,240",68.15
689,323,234,380,948,955,"1,296",73.69
690,345,175,354,884,900,"1,281",70.26
691,337,153,330,830,838,"1,222",68.58
692,288,202,343,838,847,"1,244",68.09
693,325,179,352,862,873,"1,250",69.84
694,289,134,355,785,790,"1,135",69.6
695,308,203,320,837,853,"1,265",67.43
696,358,120,306,792,794,"1,214",65.4
697,321,110,330,770,773,"1,170",66.07
698,357,141,345,847,851,"1,199",70.98
699,342,111,283,745,756,"1,120",67.5
700,292,120,293,712,719,"1,033",69.6
701,279,138,323,746,762,"1,068",71.35
702,298,168,299,775,783,"1,088",71.97
703,251,183,317,758,766,"1,096",69.89
704,310,49,227,593,598,998,59.92
705,448,81,339,877,887,"1,293",68.6
706,438,104,319,866,876,"1,370",63.87
707,374,121,347,845,853,"1,313",64.89
708,387,127,335,855,859,"1,214",70.76
709,387,134,309,834,845,"1,213",69.66
710,350,131,365,857,868,"1,272",68.24
711,406,124,326,860,868,"1,237",70.17
712,270,108,246,628,634,945,67.09
713,266,128,224,624,637,"1,003",63.51
714,386,162,381,942,947,"1,468",64.51
715,464,129,380,981,989,"1,435",68.92
716,365,154,393,915,922,"1,327",69.48
717,397,159,373,934,937,"1,347",69.56
718,354,190,371,918,926,"1,411",65.63
719,368,199,358,936,941,"1,425",66.04
720,415,165,421,"1,007","1,011","1,500",67.4
721,289,104,317,719,724,"1,020",70.98
722,233,122,228,589,598,851,70.27
723,247,120,266,636,643,909,70.74
724,297,131,301,733,743,"1,082",68.67
725,344,214,397,964,970,"1,421",68.26
726,312,195,391,900,911,"1,269",71.71
727,387,178,383,951,955,"1,525",62.62
728,336,156,421,919,926,"1,316",70.29
729,325,178,391,899,906,"1,354",66.84
730,341,167,375,890,899,"1,335",67.34
731,393,171,350,920,930,"1,344",69.2
732,339,156,317,819,823,"1,237",66.53
733,366,169,370,911,917,"1,371",66.74
734,323,151,315,793,799,"1,142",69.96
735,321,145,303,776,787,"1,152",68.32
736,363,161,329,858,871,"1,217",71.57
737,470,186,365,"1,038","1,045","1,638",63.8
738,493,134,336,972,976,"1,560",62.56
739,414,70,233,722,725,"1,110",65.32
740,399,124,330,856,865,"1,404",61.61
741,444,115,369,931,936,"1,455",64.33
742,473,138,404,"1,021","1,023","1,464",69.88
743,469,111,355,945,955,"1,399",68.26
744,446,204,351,"1,005","1,015","1,370",74.09
745,333,134,302,779,790,"1,148",68.82
746,445,130,387,973,980,"1,349",72.65
747,443,132,328,907,911,"1,394",65.35
748,449,68,302,826,835,"1,228",68
749,347,109,306,770,781,"1,193",65.47
750,457,126,333,926,935,"1,538",60.79
751,400,118,371,895,895,"1,412",63.39
752,451,144,419,"1,020","1,024","1,560",65.64
753,577,90,402,"1,075","1,083","1,589",68.16
754,503,103,390,"1,005","1,011","1,510",66.95
755,431,125,361,924,936,"1,515",61.78
756,447,95,294,840,842,"1,307",64.42
757,350,135,295,787,790,"1,278",61.82
758,403,142,308,863,871,"1,265",68.85
759,375,134,318,833,846,"1,336",63.32
760,372,137,376,892,904,"1,419",63.71
761,433,122,347,912,917,"1,406",65.22
762,335,139,338,818,832,"1,295",64.25
763,439,131,336,913,922,"1,366",67.5
764,383,148,374,910,916,"1,344",68.15
765,326,120,252,704,717,"1,066",67.26
766,351,142,307,803,806,"1,194",67.5
767,441,107,257,816,827,"1,234",67.02
768,497,148,324,975,980,"1,498",65.42
769,464,138,331,944,952,"1,397",68.15
770,477,128,419,"1,030","1,044","1,611",64.8
771,466,127,433,"1,036","1,040","1,575",66.03
772,435,207,385,"1,035","1,042","1,482",70.24
773,395,152,348,902,910,"1,296",70.14
774,298,134,283,725,734,"1,217",60.31
775,385,124,293,805,812,"1,170",69.4
776,392,97,306,801,808,"1,190",67.9
777,447,134,377,967,973,"1,499",64.91
778,448,155,387,"1,001","1,005","1,525",65.9
779,498,159,406,"1,073","1,082","1,588",68.14
780,399,129,362,895,903,"1,445",62.49
781,439,152,373,972,989,"1,473",67.14
782,487,146,354,992,"1,001","1,466",68.28
783,331,148,377,865,873,"1,264",69.07
784,325,103,208,645,662,"1,037",63.84
785,371,52,124,556,560,784,71.43
786,370,159,441,981,991,"1,483",66.82
787,338,189,328,861,866,"1,290",67.13
788,402,155,363,932,945,"1,611",58.66
789,350,141,320,822,830,"1,331",62.36
790,383,168,419,975,985,"1,675",58.81
791,388,157,429,981,993,"1,605",61.87
792,386,181,404,975,982,"1,625",60.43
793,324,238,370,938,941,"1,367",68.84
794,295,184,297,781,787,"1,153",68.26
795,348,196,432,985,995,"1,440",69.1
796,257,115,246,624,629,"1,039",60.54
797,367,137,284,792,801,"1,271",63.02
798,281,154,345,791,796,"1,302",61.14
799,297,213,356,876,887,"1,457",60.88
800,372,146,375,905,913,"1,504",60.7
801,363,206,428,"1,005","1,014","1,669",60.75
802,298,140,312,754,756,"1,279",59.11
803,279,176,280,744,752,"1,215",61.89
804,366,122,268,764,771,"1,233",62.53
805,263,223,451,945,952,"1,478",64.41
806,305,203,428,941,956,"1,461",65.43
807,297,240,356,902,913,"1,526",59.83
808,338,165,426,936,948,"1,485",63.84
809,296,132,314,753,758,"1,193",63.54
810,269,179,331,782,789,"1,203",65.59
811,249,123,269,654,663,"1,105",60
812,266,201,398,871,881,"1,374",64.12
813,326,129,348,812,826,"1,289",64.08
814,368,146,348,870,881,"1,533",57.47
815,411,165,401,985,993,"1,705",58.24
816,384,162,367,921,928,"1,601",57.96
817,333,173,398,906,916,"1,507",60.78
818,296,152,322,779,786,"1,179",66.67
819,293,171,353,822,833,"1,296",64.27
820,243,167,287,702,713,"1,190",59.92
821,416,201,411,"1,036","1,046","1,553",67.35
822,315,238,447,"1,008","1,017","1,486",68.44
823,301,223,380,913,926,"1,339",69.16
824,713,75,322,"1,118","1,128","1,768",63.8
825,608,39,245,898,906,"1,377",65.8
826,463,168,474,"1,107","1,112","1,656",67.15
827,420,135,404,968,976,"1,410",69.22
828,411,179,485,"1,086","1,098","1,629",67.4
829,477,152,353,988,994,"1,539",64.59
830,361,157,338,866,874,"1,353",64.6
831,382,184,366,938,946,"1,324",71.45
832,385,152,401,946,952,"1,419",67.09
833,383,116,298,806,812,"1,285",63.19
834,475,126,239,856,865,"1,351",64.03
835,388,170,362,927,934,"1,380",67.68
836,418,168,433,"1,022","1,027","1,520",67.57
837,423,192,399,"1,023","1,031","1,600",64.44
838,395,176,410,988,996,"1,559",63.89
839,455,192,446,"1,099","1,106","1,644",67.27
840,426,134,462,"1,029","1,041","1,599",65.1
841,451,140,401,997,"1,004","1,691",59.37
842,398,109,392,904,917,"1,352",67.83
843,360,158,418,947,952,"1,421",67
844,453,96,338,893,901,"1,242",72.54
845,282,107,264,656,668,977,68.37
846,294,190,417,912,918,"1,425",64.42
847,247,212,434,906,921,"1,484",62.06
848,400,187,477,"1,071","1,079","1,660",65
849,284,262,460,"1,013","1,020","1,557",65.51
850,289,199,386,882,894,"1,399",63.9
851,324,200,415,947,954,"1,457",65.41
852,312,200,367,891,898,"1,293",69.45
853,321,193,422,946,957,"1,429",66.97
854,338,172,425,940,955,"1,376",69.4
855,367,202,344,916,929,"1,376",67.51
856,321,193,334,855,862,"1,271",67.82
857,324,229,433,997,"1,005","1,481",67.86
858,331,229,452,"1,018","1,027","1,534",66.88
859,297,225,387,921,928,"1,550",59.87
860,307,203,397,915,928,"1,435",64.67
861,283,198,393,884,896,"1,499",59.77
862,170,206,226,609,615,917,67.07
863,418,275,486,"1,185","1,193","1,698",70.26
864,420,224,433,"1,085","1,092","1,640",66.59
865,458,205,465,"1,140","1,155","3,376",34.21
866,312,212,355,883,895,"1,343",66.64
867,318,228,520,"1,074","1,081","1,640",65.91
868,298,189,372,864,869,"1,285",67.63
869,297,223,351,880,885,"1,325",66.79
870,302,186,401,894,902,"1,419",63.57
871,251,167,343,767,774,"1,139",67.95
872,227,149,336,719,726,"1,145",63.41
873,284,178,374,842,853,"1,276",66.85
874,332,186,355,880,885,"1,351",65.51
875,305,190,376,878,885,"1,254",70.57
876,330,192,348,873,879,"1,310",67.1
877,338,185,414,945,954,"1,429",66.76
878,266,159,340,770,776,"1,154",67.24
879,401,199,504,"1,115","1,121","1,596",70.24
880,396,171,402,978,983,"1,424",68.96
881,339,181,393,923,939,"1,416",66.31
882,401,179,388,973,982,"1,499",65.51
883,401,221,422,"1,049","1,058","1,671",63.32
884,348,241,433,"1,028","1,042","1,577",66.07
885,361,220,434,"1,021","1,030","1,609",63.95
886,414,233,472,"1,124","1,132","1,638",69.11
887,335,204,444,987,997,"1,561",63.87
888,293,266,435,"1,002","1,010","1,552",65.08
889,323,238,421,990,"1,001","1,542",64.92
890,377,233,415,"1,025","1,032","1,560",66.15
891,339,216,379,942,949,"1,370",69.27
892,345,234,437,"1,020","1,027","1,491",68.88
893,355,197,424,977,986,"1,526",64.61
894,347,172,438,966,979,"1,561",62.72
895,311,239,431,991,"1,002","1,551",64.6
896,388,178,461,"1,029","1,037","1,539",67.38
897,361,182,465,"1,021","1,027","1,501",68.42
898,321,135,378,838,850,"1,282",66.3
899,361,109,334,810,819,"1,233",66.42
900,302,143,303,758,769,"1,182",65.06
901,318,164,357,844,855,"1,264",67.64
902,453,121,388,971,979,"1,428",68.56
903,624,76,280,987,992,"1,462",67.85
904,605,73,373,"1,058","1,068","1,478",72.26
905,308,148,376,839,845,"1,340",62.99
906,256,152,344,754,757,"1,106",68.44
907,328,192,386,911,916,"1,466",62.48
908,417,158,410,993,999,"1,512",66.07
909,358,195,378,943,952,"1,384",68.79
910,299,173,341,821,828,"1,218",67.98
911,301,171,331,808,816,"1,179",69.21
912,293,206,370,875,881,"1,352",65.16
913,291,181,337,817,825,"1,297",63.61
914,268,163,336,772,775,"1,195",64.85
915,355,162,327,850,852,"1,334",63.87
916,380,148,360,895,904,"1,390",64.96
917,376,153,381,917,922,"1,383",66.67
918,372,113,296,790,800,"1,233",64.88
919,243,173,374,796,804,"1,228",65.47
920,286,174,398,862,876,"1,313",66.72
921,330,176,394,908,924,"1,430",64.62
922,246,233,459,942,957,"1,471",65.06
923,287,199,431,923,933,"1,461",63.86
924,270,190,353,824,826,"1,294",63.83
925,219,247,380,854,867,"1,275",68
926,202,165,317,690,693,"1,043",66.44
927,227,173,323,732,742,"1,060",69.91
928,171,183,341,701,712,"1,019",69.87
929,242,169,342,761,767,"1,179",65.06
930,180,174,409,768,773,"1,091",70.85
931,203,182,410,801,806,"1,141",70.64
932,187,212,380,784,790,"1,156",68.34
933,259,191,440,895,901,"1,330",67.74
934,278,160,411,854,859,"1,237",69.44
935,240,236,398,883,892,"1,251",71.3
936,264,167,346,781,788,"1,242",63.45
937,249,176,394,829,834,"1,204",69.27
938,270,189,382,843,856,"1,226",69.82
939,250,168,419,839,851,"1,315",64.71
940,301,269,493,"1,074","1,094","1,628",67.2
941,290,181,423,897,908,"1,269",71.55
942,239,240,378,873,882,"1,279",68.96
943,253,211,437,905,914,"1,368",66.81
944,238,238,467,948,960,"1,388",69.16
945,243,232,420,900,909,"1,365",66.59
946,253,217,360,837,849,"1,249",67.97
947,257,169,304,740,750,"1,072",69.96
948,291,187,396,885,896,"1,292",69.35
949,187,175,289,663,670,986,67.95
950,213,134,342,694,705,993,71
951,255,184,325,769,776,"1,124",69.04
952,214,207,335,764,769,"1,103",69.72
953,241,189,356,795,805,"1,177",68.39
954,215,179,307,706,710,"1,052",67.49
955,263,218,429,921,932,"1,267",73.56
956,237,170,358,772,779,"1,145",67.95
957,240,145,320,715,722,"1,109",65.1
958,221,206,397,833,844,"1,161",72.7
959,261,205,456,930,940,"1,393",67.48
960,286,212,370,878,889,"1,272",69.89
961,296,193,416,911,926,"1,352",68.42
962,289,167,380,840,847,"1,233",68.69
963,224,244,352,830,840,"1,212",69.31
964,258,180,302,743,757,"1,123",67.41
965,229,243,426,906,919,"1,297",70.86
966,271,212,435,925,935,"1,325",70.57
967,308,214,433,964,974,"1,444",67.45
968,270,229,422,934,936,"1,376",68.02
969,291,238,434,969,981,"1,424",68.89
970,204,232,339,783,795,"1,184",67.15
971,207,234,309,760,780,"1,220",63.93
972,251,206,373,833,847,"1,220",69.43
973,240,196,386,832,835,"1,254",66.59
974,286,214,386,892,898,"1,298",69.18
975,261,231,480,979,996,"1,501",66.36
976,304,277,458,"1,050","1,062","2,433",43.65
977,177,160,301,646,653,"1,073",60.86
978,133,158,254,550,558,847,65.88
979,302,217,421,948,958,"1,301",73.64
980,224,208,338,778,792,"1,137",69.66
981,266,336,355,967,980,"1,405",69.75
982,269,219,367,865,876,"1,317",66.51
983,283,272,463,"1,025","1,031","1,496",68.92
984,299,262,430,"1,000","1,011","1,471",68.66
985,283,243,405,942,955,"1,451",65.82
986,275,244,420,943,952,"1,351",70.47
987,314,222,377,919,929,"1,419",65.47
988,308,212,410,934,943,"1,327",71.06
989,254,249,439,954,961,"1,406",68.35
990,242,248,395,896,904,"1,338",67.56
991,237,254,387,884,893,"1,335",66.89
992,232,203,392,833,835,"1,188",70.29
993,220,188,372,792,799,"1,200",66.5
994,279,195,402,884,893,"1,323",67.5
995,365,180,394,943,948,"1,372",69.1
996,305,181,449,939,947,"1,408",67.26
997,323,176,423,935,942,"1,381",68.21
998,229,204,362,801,806,"1,139",70.76
999,231,217,347,803,813,"1,202",67.64
1000,223,233,382,842,849,"1,188",71.46
1001,376,134,320,838,845,"1,274",66.33
1002,295,152,322,777,790,"1,290",61.24
1003,383,30,268,689,692,"1,039",66.6
1004,282,84,327,699,706,"1,082",65.25
1005,286,140,268,699,706,"1,020",69.22
1006,303,124,262,700,704,"1,024",68.75
1007,386,138,297,828,842,"1,267",66.46
1008,321,92,336,757,764,"1,146",66.67
1009,469,136,393,"1,005","1,013","1,451",69.81
1010,367,122,323,819,828,"1,315",62.97
1011,392,126,296,821,830,"1,254",66.19
1012,390,121,395,913,924,"1,420",65.07
1013,339,132,404,886,895,"1,396",64.11
1014,381,158,350,903,909,"1,279",71.07
1015,360,147,405,916,933,"1,365",68.35
1016,342,134,308,791,796,"1,177",67.54
1017,395,117,369,893,903,"1,307",69.09
1018,355,148,363,875,880,"1,331",66.12
1019,328,128,295,760,769,"1,144",67.22
1020,382,116,351,852,856,"1,211",70.69
1021,418,186,357,965,978,"1,455",67.22
1022,455,147,382,993,"1,002","1,444",69.39
1023,338,105,274,727,733,"1,127",65.04
1024,346,129,346,829,841,"1,274",66.01
1025,410,96,299,819,825,"1,234",66.86
1026,303,125,308,737,744,"1,142",65.15
1027,418,122,378,920,922,"1,365",67.55
1028,296,165,326,796,802,"1,178",68.08
1029,389,132,308,835,847,"1,290",65.66
1030,292,164,299,761,772,"1,178",65.53
1031,295,149,292,750,759,"1,151",65.94
1032,371,189,377,943,952,"1,428",66.67
1033,329,140,399,872,883,"1,362",64.83
1034,339,184,357,890,895,"1,356",66
1035,404,188,293,896,905,"1,430",63.29
1036,429,183,444,"1,064","1,072","1,579",67.89
1037,272,100,318,696,703,"1,006",69.88
1038,268,126,317,720,728,"1,032",70.54
1039,258,118,357,741,749,"1,040",72.02
1040,420,110,356,895,908,"1,546",58.73
1041,380,154,310,856,860,"1,464",58.74
1042,368,110,328,818,828,"1,296",63.89
1043,351,180,370,906,916,"1,410",64.96
1044,314,129,368,817,824,"1,241",66.4
1045,276,108,340,728,738,"1,100",67.09
1046,265,134,368,776,780,"1,123",69.46
1047,305,142,395,846,854,"1,337",63.87
1048,320,149,362,837,841,"1,231",68.32
1049,359,94,302,761,771,"1,083",71.1
1050,335,103,318,763,770,"1,081",71.23
1051,383,135,387,911,915,"1,328",68.9
1052,399,112,344,864,870,"1,309",66.46
1053,401,146,432,987,"1,003","1,437",69.8
1054,349,156,447,968,972,"1,385",70.18
1055,407,112,402,934,936,"1,456",64.29
1056,371,125,367,868,874,"1,330",65.71
1057,359,154,434,956,962,"1,460",65.89
1058,366,102,370,844,848,"1,277",66.41
1059,366,127,464,967,975,"1,488",65.52
1060,412,110,442,971,977,"1,540",63.44
1061,377,138,413,941,948,"1,456",65.11
1062,392,107,387,894,900,"1,390",64.75
1063,381,93,432,912,916,"1,368",66.96
1064,399,129,384,920,927,"1,405",65.98
1065,417,118,381,921,933,"1,381",67.56
1066,410,84,422,924,934,"1,386",67.39
1067,311,96,359,770,772,"1,202",64.23
1068,222,109,265,602,605,899,67.3
1069,231,112,309,661,663,"1,022",64.87
1070,287,111,338,744,748,"1,182",63.28
1071,327,105,340,780,790,"1,345",58.74
1072,326,122,374,831,838,"1,278",65.57
1073,343,134,336,820,831,"1,376",60.39
1074,353,174,363,897,903,"1,326",68.1
1075,412,145,378,944,948,"2,459",38.55
1076,371,106,298,784,792,"1,175",67.4
1077,272,159,307,746,753,"1,238",60.82
1078,301,179,400,886,891,"1,364",65.32
1079,382,155,285,829,835,"1,284",65.03
1080,355,155,298,816,823,"1,212",67.9
1081,361,132,345,850,856,"1,222",70.05
1082,334,82,274,697,703,"1,023",68.72
1083,291,92,209,597,601,929,64.69
1084,293,92,245,634,643,988,65.08
1085,341,145,380,874,882,"1,386",63.64
1086,338,144,323,810,817,"1,248",65.46
1087,267,99,270,642,650,961,67.64
1088,402,155,433,995,"1,002","1,542",64.98
1089,396,143,433,978,988,"1,512",65.34
1090,436,151,443,"1,038","1,040","1,580",65.82
1091,413,193,425,"1,037","1,046","1,562",66.97
1092,366,145,405,926,934,"1,342",69.52
1093,442,159,451,"1,064","1,072","1,711",62.65
1094,367,170,406,947,954,"1,449",65.84
1095,358,137,315,822,827,"1,256",65.84
1096,355,144,337,849,855,"1,249",68.45
1097,301,146,359,810,816,"1,259",64.81
1098,405,131,207,750,764,"1,155",66.06
1099,305,151,291,755,761,"1,152",66.06
1100,274,127,323,728,738,"1,133",65.14
1101,347,175,307,834,846,"1,435",58.95
1102,351,175,292,821,828,"1,532",54.05
1103,420,159,431,"1,013","1,018","1,723",59.08
1104,355,169,413,942,954,"1,571",60.73
1105,282,224,407,920,931,"1,445",64.43
1106,355,169,367,895,902,"1,425",63.3
1107,343,152,306,804,811,"1,472",55.1
1108,295,165,373,837,841,"1,310",64.2
1109,298,132,341,783,792,"1,326",59.73
1110,270,217,365,857,865,"1,243",69.59
1111,279,238,433,960,973,"1,361",71.49
1112,270,242,388,906,912,"1,403",65
1113,304,168,336,813,820,"1,311",62.55
1114,257,154,322,739,744,"1,205",61.74
1115,274,212,305,799,809,"1,258",64.31
1116,302,224,282,815,825,"1,295",63.71
1117,303,227,398,933,945,"1,573",60.08
1118,241,257,273,777,787,"1,320",59.55
1119,276,251,385,917,926,"1,404",65.95
1120,258,136,369,766,770,"1,151",66.9
1121,255,152,332,746,750,"1,056",70.93
1122,216,210,333,767,774,"1,207",64.13
1123,390,201,449,"1,046","1,059","1,583",66.9
1124,297,178,379,862,866,"1,294",66.92
1125,309,189,375,878,881,"1,315",67
1126,206,215,419,842,857,"2,602",32.94
1127,325,227,487,"1,044","1,050","1,472",71.33
1128,288,209,427,931,935,"1,389",67.31
1129,326,291,368,994,"1,010","1,552",65.08
1130,305,244,396,954,966,"1,433",67.41
1131,300,257,425,994,"1,006","1,562",64.4
1132,308,220,402,936,944,"1,409",67
1133,301,178,450,933,937,"1,443",64.93
1134,404,193,456,"1,063","1,078","1,456",74.04
1135,336,219,448,"1,006","1,021","1,540",66.3
1136,344,225,391,967,985,"1,577",62.46
1137,244,177,362,795,800,"1,193",67.06
1138,293,169,330,799,808,"1,242",65.06
1139,284,199,331,824,830,"1,170",70.94
1140,287,184,358,836,849,"1,160",73.19
1141,313,183,423,923,930,"1,418",65.51
1142,329,133,305,774,780,"1,273",61.27
1143,269,138,215,628,648,"1,035",62.61
1144,199,180,273,659,670,"1,030",65.05
1145,237,211,289,740,749,"1,107",67.66
1146,231,230,317,784,793,"1,201",66.03
1147,313,231,464,"1,018","1,028","1,546",66.49
1148,316,214,412,943,952,"1,362",69.9
1149,237,228,443,915,922,"1,375",67.05
1150,282,209,421,919,929,"1,357",68.46
1151,258,152,352,769,781,"1,152",67.8
1152,269,324,449,"1,052","1,063","1,555",68.36
1153,241,198,445,891,901,"1,261",71.45
1154,295,253,476,"1,025","1,036","1,691",61.27
1155,283,221,404,917,927,"1,551",59.77
1156,268,248,482,"1,003","1,021","1,654",61.73
1157,227,145,314,698,707,"1,279",55.28
1158,283,215,332,844,861,"1,439",59.83
1159,294,226,464,993,999,"1,560",64.04
1160,262,182,364,813,819,"1,166",70.24
1161,231,212,359,808,823,"1,319",62.4
1162,333,113,384,834,843,"1,194",70.6
1163,232,153,321,714,720,"1,013",71.08
1164,202,183,329,719,723,"1,010",71.58
1165,279,143,349,781,789,"1,100",71.73
1166,244,204,396,852,861,"1,228",70.11
1167,259,221,389,878,888,"1,302",68.2
1168,268,217,369,863,866,"1,234",70.18
1169,340,284,471,"1,112","1,122","1,633",68.71
1170,329,219,451,"1,007","1,017","1,566",64.94
1171,307,244,465,"1,027","1,042","1,574",66.2
1172,309,252,536,"1,111","1,121","1,583",70.81
1173,265,224,353,847,853,"1,251",68.19
1174,323,211,435,979,990,"1,577",62.78
1175,310,212,386,919,924,"1,408",65.63
1176,382,194,435,"1,018","1,029","1,429",72.01
1177,286,206,446,947,960,"1,338",71.75
1178,262,195,408,873,884,"1,361",64.95
1179,300,196,383,888,899,"1,391",64.63
1180,303,190,402,900,907,"1,311",69.18
1181,344,206,454,"1,012","1,021","1,538",66.38
1182,306,221,412,952,965,"1,478",65.29
1183,386,274,487,"1,154","1,169","1,673",69.87
1184,330,214,483,"1,035","1,047","1,422",73.63
1185,268,198,378,857,867,"1,230",70.49
1186,307,220,403,939,954,"1,293",73.78
1187,309,221,471,"1,013","1,022","1,415",72.23
1188,271,180,346,804,814,"1,266",64.3
1189,303,182,404,902,913,"1,389",65.73
1190,259,208,419,897,904,"1,391",64.99
1191,286,114,208,611,616,927,66.45
1192,392,156,316,874,879,"1,317",66.74
1193,434,123,324,889,901,"1,326",67.95
1194,525,69,247,848,855,"1,194",71.61
1195,637,116,248,"1,003","1,013","1,346",75.26
1196,565,89,277,940,961,"1,428",67.3
1197,434,177,383,"1,015","1,023","1,487",68.8
1198,488,100,306,905,923,"1,452",63.57
1199,734,41,306,"1,090","1,093","1,557",70.2
1200,596,61,337,"1,005","1,018","1,363",74.69
1201,574,56,326,964,974,"1,472",66.17
1202,672,76,359,"1,118","1,122","1,625",69.05
1203,592,111,375,"1,086","1,097","1,520",72.17
1204,482,115,359,962,967,"1,360",71.1
1205,382,192,343,927,941,"1,458",64.54
1206,372,170,388,939,965,"1,439",67.06
1207,357,103,265,734,751,"1,144",65.65
1208,515,78,313,916,929,"1,344",69.12
1209,341,107,296,749,761,"1,064",71.52
1210,353,112,287,759,770,"1,050",73.33
1211,373,91,275,746,753,"1,087",69.27
1212,476,115,348,950,959,"1,336",71.78
1213,450,172,366,997,"1,005","1,365",73.63
1214,323,106,275,710,715,"1,160",61.64
1215,350,127,235,716,725,"1,163",62.34
1216,383,113,272,776,787,"1,198",65.69
1217,427,112,267,811,812,"1,203",67.5
1218,419,150,385,956,970,"1,433",67.69
1219,276,145,349,777,787,"1,273",61.82
1220,466,161,352,983,992,"1,548",64.08
1221,389,142,378,912,915,"1,388",65.92
1222,463,126,338,932,939,"1,403",66.93
1223,409,135,405,954,960,"1,492",64.34
1224,386,96,343,836,845,"1,261",67.01
1225,283,121,317,728,732,"1,155",63.38
1226,329,152,317,803,811,"1,295",62.63
1227,328,191,374,905,911,"1,399",65.12
1228,404,117,313,838,847,"1,341",63.16
1229,387,160,328,879,888,"1,405",63.2
1230,313,105,276,700,704,"1,146",61.43
1231,270,134,239,650,651,"1,114",58.44
1232,357,104,188,651,652,"1,093",59.65
1233,278,116,194,591,595,"1,009",58.97
1234,415,47,199,667,670,"1,006",66.6
1235,563,34,211,812,819,"1,276",64.18
1236,434,99,366,905,910,"1,324",68.73
1237,351,181,326,865,870,"1,324",65.71
1238,397,208,415,"1,032","1,043","1,614",64.56
1239,440,151,344,943,951,"1,553",61.17
1240,375,143,362,884,891,"1,397",63.78
1241,326,140,337,818,825,"1,257",65.63
1242,380,174,333,894,899,"1,459",61.62
1243,339,149,315,811,818,"1,282",63.81
1244,316,143,262,727,730,"1,201",60.78
1245,352,130,289,776,783,"1,251",62.59
1246,299,139,263,708,715,"1,123",63.67
1247,361,132,228,725,734,"1,227",59.82
1248,381,164,273,822,828,"1,344",61.61
1249,348,146,295,798,804,"1,261",63.76
1250,361,141,285,800,804,"1,278",62.91
1251,332,119,269,724,728,"1,240",58.71
1252,297,108,304,718,725,"1,114",65.08
1253,348,124,333,808,819,"1,245",65.78
1254,376,132,311,823,833,"1,252",66.53
1255,379,69,260,714,720,"1,065",67.61
1256,316,129,333,786,791,"1,258",62.88
1257,365,126,370,865,871,"1,314",66.29
1258,359,132,348,849,855,"1,331",64.24
1259,337,118,323,783,789,"1,148",68.73
1260,356,128,337,830,838,"1,227",68.3
1261,323,124,277,728,735,"1,127",65.22
1262,426,141,423,994,"1,005","1,441",69.74
1263,468,129,405,"1,013","1,020","1,468",69.48
1264,401,161,446,"1,017","1,030","1,491",69.08
1265,409,167,439,"1,021","1,031","1,532",67.3
1266,326,116,299,749,754,"2,578",29.25
1267,326,129,351,815,821,"1,252",65.58
1268,364,137,356,867,871,"1,254",69.46
1269,389,118,439,953,977,"1,436",66.99
1270,351,79,280,713,718,"1,069",67.17
1271,366,120,395,890,896,"1,289",69.51
1272,343,105,288,744,750,"1,150",65.22
1273,320,138,349,817,823,"1,213",67.85
1274,335,135,356,835,839,"1,294",64.84
1275,343,112,310,772,779,"1,254",62.12
1276,369,95,353,824,834,"1,263",66.03
1277,303,114,326,749,756,"1,157",65.34
1278,421,146,399,973,979,"1,511",64.79
1279,415,137,389,948,956,"1,512",63.23
1280,390,93,427,918,925,"1,403",65.93
1281,351,147,456,962,967,"1,433",67.48
1282,424,103,369,903,911,"1,408",64.7
1283,448,118,385,958,961,"1,468",65.46
1284,448,104,440,999,"1,008","1,549",65.07
1285,412,158,401,985,993,"1,529",64.94
1286,416,133,390,951,956,"1,426",67.04
1287,398,99,334,836,843,"1,306",64.55
1288,460,152,358,976,986,"1,525",64.66
1289,413,122,336,877,884,"1,371",64.48
1290,458,142,347,959,970,"1,521",63.71
1291,434,112,323,873,881,"1,302",67.67
1292,485,74,410,977,986,"1,394",70.73
1293,514,66,371,960,975,"1,429",68.23
1294,600,67,312,987,995,"1,411",70.52
1295,485,171,336,997,"1,008","1,523",66.19
1296,455,162,380,"1,006","1,012","1,485",68.15
1297,381,133,322,841,844,"1,300",64.92
1298,414,188,368,979,987,"1,444",68.35
1299,396,137,313,850,855,"1,353",63.19
1300,422,110,405,943,950,"1,363",69.7
1301,424,140,370,939,947,"1,386",68.33
1302,389,110,291,794,799,"1,241",64.38
1303,448,118,338,910,916,"1,377",66.52
1304,429,174,345,951,959,"1,471",65.19
1305,418,140,288,854,868,"1,502",57.79
1306,443,149,329,932,944,"1,446",65.28
1307,364,97,316,783,795,"1,245",63.86
1308,358,100,274,744,752,"1,100",68.36
1309,371,119,275,769,774,"1,163",66.55
1310,318,104,218,645,650,"1,026",63.35
1311,298,144,403,851,857,"1,321",64.88
1312,375,165,309,853,859,"1,375",62.47
1313,363,186,343,901,914,"1,389",65.8
1314,276,152,317,749,757,"1,215",62.3
1315,341,112,296,761,764,"1,095",69.77
1316,260,166,291,724,727,"1,056",68.84
1317,375,148,296,823,834,"1,263",66.03
1318,414,141,315,879,882,"1,292",68.27
1319,383,164,302,854,863,"1,233",69.99
1320,368,147,284,803,841,"1,226",66.39
1321,327,115,283,730,735,"1,073",68.5
1322,445,128,298,881,887,"1,288",68.87
1323,439,105,320,874,878,"1,312",66.92
1324,352,128,322,813,818,"1,225",66.78
1325,371,104,323,802,810,"1,266",63.98
1326,416,111,293,830,836,"1,370",60.88
1327,333,90,306,736,741,"1,118",66.28
1328,383,136,349,876,883,"1,303",67.77
1329,377,117,352,850,857,"1,307",65.57
1330,415,81,243,746,749,"1,099",68.06
1331,450,119,259,833,842,"1,297",64.92
1332,742,49,273,"1,071","1,081","1,523",70.98
1333,552,86,339,984,990,"1,423",69.57
1334,556,85,404,"1,052","1,062","1,537",69.1
1335,547,75,319,951,958,"1,427",67.06
1336,386,131,369,893,900,"1,437",62.63
1337,284,79,188,553,559,822,68
1338,286,73,259,624,629,975,64.51
1339,581,151,485,"1,221","1,229","1,705",72.08
1340,466,134,400,"1,003","1,011","1,516",66.69
1341,476,126,421,"1,027","1,032","1,536",67.19
1342,418,118,398,939,948,"1,462",64.84
1343,376,126,393,908,917,"1,391",65.92
1344,417,154,413,995,"1,002","1,523",65.79
1345,309,125,357,797,804,"1,178",68.25
1346,298,102,292,701,707,"1,080",65.46
1347,368,130,320,824,830,"1,217",68.2
1348,456,144,415,"1,022","1,028","1,535",66.97
1349,414,137,342,905,914,"1,383",66.09
1350,450,149,392,999,"1,008","1,394",72.31
1351,407,124,319,858,868,"1,389",62.49
1352,368,148,384,908,914,"1,301",70.25
1353,413,141,343,907,919,"1,373",66.86
1354,435,123,251,818,825,"1,220",67.62
1355,342,130,272,753,761,"1,144",66.52
1356,379,119,311,815,828,"1,219",67.92
1357,351,122,324,805,810,"1,212",66.83
1358,302,131,332,768,777,"1,128",68.88
1359,377,147,367,900,907,"1,371",66.16
1360,291,94,302,692,700,998,70.14
1361,363,150,403,920,927,"1,403",66.07
1362,441,115,332,896,902,"1,339",67.36
1363,447,122,330,905,912,"1,311",69.57
1364,343,115,340,807,813,"1,227",66.26
1365,417,133,385,941,952,"1,353",70.36
1366,456,132,339,937,949,"1,486",63.86
1367,435,120,374,936,942,"1,429",65.92
1368,406,104,265,778,794,"1,278",62.13
1369,385,135,305,834,838,"1,399",59.9
1370,401,118,307,833,850,"1,337",63.58
1371,402,122,292,821,826,"1,390",59.42
1372,351,103,274,729,737,"1,250",58.96
1373,368,154,288,812,818,"1,350",60.59
1374,382,112,277,776,785,"1,254",62.6
1375,375,124,278,782,791,"1,280",61.8
1376,340,155,311,810,817,"1,287",63.48
1377,332,181,338,857,865,"1,294",66.85
1378,367,112,282,769,776,"1,283",60.48
1379,376,136,322,840,849,"1,288",65.92
1380,402,107,321,835,841,"1,453",57.88
1381,384,110,356,851,858,"1,273",67.4
1382,353,119,294,773,782,"1,300",60.08
1383,364,128,295,788,797,"1,242",63.85
1384,367,125,302,801,815,"1,274",63.97
1385,342,147,307,801,809,"1,243",65.08
1386,326,132,339,799,806,"1,269",63.51
1387,334,122,287,748,750,"1,116",67.2
1388,400,94,292,794,799,"1,300",61.38
1389,329,119,275,732,738,"1,143",64.57
1390,349,130,302,787,792,"1,274",62.17
1391,390,121,253,768,771,"1,271",60.66
1392,416,142,315,882,887,"1,393",63.68
1393,366,160,292,825,829,"1,374",60.33
1394,453,141,286,885,894,"1,402",63.77
1395,380,145,334,861,869,"1,396",62.25
1396,341,128,335,810,819,"1,243",65.89
1397,354,117,325,799,805,"1,214",66.31
1398,335,123,291,757,768,"1,079",71.18
1399,331,57,202,599,604,860,70.23
1400,254,77,91,426,435,618,70.39
1401,253,88,172,521,527,783,67.31
1402,391,151,425,975,981,"1,483",66.15
1403,364,189,420,981,987,"1,499",65.84
1404,379,195,375,958,964,"1,439",66.99
1405,437,168,456,"1,076","1,087","1,586",68.47
1406,445,114,363,932,935,"1,493",62.63
1407,445,122,375,949,959,"1,510",63.51
1408,440,87,370,906,911,"1,451",62.78
1409,471,131,431,"1,043","1,049","1,491",70.36
1410,441,153,343,955,961,"1,420",67.68
1411,419,138,379,944,951,"1,399",67.98
1412,413,160,346,932,943,"1,413",66.74
1413,384,116,353,857,865,"1,393",62.1
1414,416,125,348,900,912,"1,365",66.81
1415,393,145,364,908,916,"1,368",66.96
1416,367,162,351,888,899,"1,380",65.14
1417,410,149,319,891,896,"1,382",64.83
1418,413,104,350,883,888,"1,297",68.47
1419,482,116,370,980,986,"1,506",65.47
1420,431,117,328,888,892,"1,322",67.47
1421,303,85,296,686,696,"1,020",68.24
1422,378,133,311,829,836,"1,229",68.02
1423,360,127,351,844,848,"1,274",66.56
1424,481,174,404,"1,068","1,075","1,671",64.33
1425,516,150,425,"1,100","1,107","1,662",66.61
1426,448,106,359,917,924,"1,313",70.37
1427,401,155,388,948,955,"1,465",65.19
1428,362,92,364,828,837,"1,290",64.88
1429,339,135,297,780,785,"1,103",71.17
1430,488,98,361,956,971,"1,430",67.9
1431,356,105,280,750,755,"1,113",67.83
1432,370,95,298,777,784,"1,139",68.74
1433,356,124,340,830,838,"1,178",71.14
1434,361,92,366,831,842,"1,161",72.52
1435,296,137,294,735,740,"1,135",65.2
1436,362,138,345,854,863,"1,272",67.85
1437,333,142,279,759,770,"1,159",66.44
1438,366,103,258,739,745,"1,092",68.22
1439,504,124,357,990,996,"1,469",67.8
1440,600,45,267,917,930,"1,341",69.35
1441,388,128,350,873,879,"1,328",66.19
1442,421,132,316,879,895,"1,334",67.09
1443,478,94,350,931,943,"1,444",65.3
1444,484,168,437,"1,097","1,107","1,715",64.55
1445,450,100,272,824,843,"1,227",68.7
1446,381,107,333,830,837,"1,150",72.78
1447,453,119,355,938,943,"1,397",67.5
1448,501,92,331,935,948,"1,453",65.24
1449,526,71,330,932,942,"1,393",67.62
1450,375,146,375,902,912,"1,399",65.19
1451,515,73,363,959,964,"1,435",67.18
1452,400,93,305,812,824,"1,218",67.65
1453,452,114,333,913,916,"1,278",71.67
1454,377,107,389,884,892,"1,288",69.18
1455,467,84,355,911,917,"1,431",64.08
1456,394,89,291,787,797,"1,231",64.74
1457,442,141,419,"1,012","1,018","1,566",65.01
1458,449,134,318,908,918,"1,455",63.09
1459,308,77,228,621,625,971,64.37
1460,347,74,288,720,727,"1,019",71.34
1461,439,93,279,822,827,"1,220",67.79
1462,389,91,288,777,784,"1,127",69.57
1463,472,91,304,874,879,"1,254",70.1
1464,413,81,257,756,763,"1,107",68.93
1465,486,105,395,994,"1,001","1,488",67.27
1466,506,105,309,927,936,"1,407",66.52
1467,511,114,383,"1,018","1,024","1,417",72.27
1468,446,96,314,862,878,"1,302",67.36
1469,376,110,319,819,828,"1,152",71.88
1470,358,123,311,798,805,"1,148",70.12
1471,328,122,311,767,775,"1,083",71.56
1472,404,142,339,895,901,"1,299",69.36
1473,455,92,389,943,952,"1,451",65.61
1474,477,92,388,964,977,"1,476",66.19
1475,508,83,378,977,984,"1,434",68.62
1476,522,75,376,980,987,"1,427",69.17
1477,396,90,393,893,900,"1,270",70.87
1478,375,84,276,744,749,"1,011",73.99
1479,400,128,358,895,902,"1,284",70.25
1480,369,101,288,769,775,"1,127",68.77
1481,523,79,364,971,976,"1,483",65.81
1482,429,120,306,864,876,"1,368",63.96
1483,476,107,376,968,982,"1,420",69.15
1484,432,106,387,936,946,"1,449",65.29
1485,593,106,367,"1,081","1,087","1,556",69.86
1486,535,93,370,"1,012","1,021","1,443",70.76
1487,454,117,330,914,925,"1,373",67.37
1488,460,118,418,"1,005","1,012","1,455",69.55
1489,528,109,379,"1,026","1,032","1,490",69.26
1490,458,151,403,"1,021","1,028","1,524",67.45
1491,546,94,372,"1,023","1,030","1,473",69.93
1492,510,128,413,"1,061","1,069","1,528",69.96
1493,477,118,398,"1,006","1,013","1,487",68.12
1494,385,144,334,868,874,"1,418",61.64
1495,211,38,109,365,369,641,57.57
1496,415,70,264,758,773,"1,283",60.25
1497,382,141,313,843,853,"1,409",60.54
1498,462,102,392,970,980,"1,500",65.33
1499,429,101,404,939,952,"1,438",66.2
1500,477,105,444,"1,033","1,039","1,506",68.99
1501,492,121,366,980,989,"1,518",65.15
1502,507,95,351,967,972,"1,500",64.8
1503,505,114,348,978,989,"1,486",66.55
1504,539,70,363,981,986,"1,469",67.12
1505,594,91,332,"1,024","1,028","1,495",68.76
1506,445,177,392,"1,024","1,036","2,697",38.41
1507,412,173,362,956,964,"1,648",58.5
1508,397,150,388,939,952,"1,473",64.63
1509,432,125,360,929,946,"1,529",61.87
1510,402,145,414,974,982,"1,540",63.77
1511,371,137,365,882,893,"1,397",63.92
1512,437,132,363,943,953,"1,387",68.71
1513,443,154,356,958,966,"1,358",71.13
1514,320,107,309,744,758,"1,081",70.03
1515,304,106,275,690,698,"1,048",66.6
1516,413,83,237,739,748,"1,048",71.37
1517,473,82,334,896,908,"1,272",71.38
1518,432,88,299,828,832,"1,188",70.03
1519,463,90,310,869,876,"1,348",64.99
1520,443,105,338,894,906,"1,367",66.28
1521,439,126,350,926,938,"1,364",68.77
1522,409,134,401,950,954,"1,491",63.98
1523,583,130,383,"1,108","1,114","1,602",69.54
1524,361,101,288,756,764,"1,121",68.15
1525,397,107,285,802,806,"1,175",68.6
1526,348,121,291,766,773,"1,175",65.79
1527,360,83,344,794,804,"1,136",70.77
1528,408,133,382,934,938,"1,343",69.84
1529,389,144,306,841,849,"1,274",66.64
1530,342,133,331,815,824,"1,255",65.66
1531,402,106,340,858,866,"1,262",68.62
1532,472,138,403,"1,020","1,028","1,566",65.64
1533,448,179,440,"1,078","1,089","1,646",66.16
1534,439,121,442,"1,013","1,018","1,520",66.97
1535,390,143,369,909,917,"1,282",71.53
1536,431,149,401,985,"1,005","1,378",72.93
1537,429,132,398,962,972,"1,412",68.84
1538,450,112,471,"1,043","1,053","1,597",65.94
1539,358,103,350,818,828,"1,252",66.13
1540,396,75,327,802,807,"1,178",68.51
1541,455,91,339,892,897,"1,260",71.19
1542,449,112,340,908,913,"1,414",64.57
1543,480,116,442,"1,047","1,056","1,559",67.74
1544,447,116,324,893,907,"1,497",60.59
1545,550,102,358,"1,017","1,026","1,622",63.26
1546,461,155,369,998,"1,009","1,611",62.63
1547,490,222,433,"1,161","1,171","1,764",66.38
1548,272,111,270,659,666,946,70.4
1549,476,65,321,872,881,"1,267",69.53
1550,319,97,280,700,709,989,71.69
1551,455,123,412,999,"1,007","1,508",66.78
1552,400,137,369,912,918,"1,402",65.48
1553,427,131,314,881,887,"1,275",69.57
1554,393,134,365,901,906,"1,341",67.56
1555,334,170,346,862,871,"1,339",65.05
1556,388,129,378,908,914,"1,396",65.47
1557,438,119,390,955,955,"1,392",68.61
1558,496,102,525,"1,137","1,147","1,655",69.31
1559,432,106,367,911,918,"1,395",65.73
1560,373,96,358,833,837,"1,242",67.39
1561,332,127,319,785,801,"1,261",63.52
1562,154,150,230,545,560,840,66.67
1563,149,149,224,529,540,756,71.43
